file,dt,tz,model,lat,lon,alt,dir,w,h,err
IMG_0577.HEIC,2026:03:10 14:13:17,-04:00,iPhone 17,40.21483888888889,-74.01243611111111,2.6255760192287085,4.098052978515625,5712,4284,
IMG_0578.HEIC,2026:03:10 14:13:19,-04:00,iPhone 17,40.21453888888889,-74.01239722222222,0.6655616759303108,47.64935304990758,5712,4284,
IMG_0579.HEIC,2026:03:10 14:13:22,-04:00,iPhone 17,40.21452777777778,-74.012375,0.5740623477837311,331.08154296875,5712,4284,
IMG_0608.HEIC,2026:03:25 16:06:02,-04:00,iPhone 17,40.21514166666667,-74.010375,1.7590293875719734,88.75556950109821,3024,4032,
IMG_0609.HEIC,2026:03:25 16:06:04,-04:00,iPhone 17,40.215125,-74.01036944444445,2.8359947212141208,90.76023856858846,3024,4032,
IMG_0611.HEIC,2026:03:25 16:06:10,-04:00,iPhone 17,40.21510277777778,-74.01036111111111,3.4828453386024787,96.17472838219973,3024,4032,
IMG_0612.HEIC,2026:03:25 16:06:10,-04:00,iPhone 17,40.21510277777778,-74.01036111111111,3.4828453386024787,98.1604690117253,3024,4032,
IMG_0613.HEIC,2026:03:25 16:06:14,-04:00,iPhone 17,40.215094444444446,-74.01036111111111,3.115169556297518,100.98674010607915,4032,3024,
IMG_0617.HEIC,2026:03:26 12:47:45,-04:00,iPhone 17,40.21450555555556,-74.01163611111112,0.7357521062103863,26.3046875,4284,5712,
IMG_0618.HEIC,2026:03:26 12:47:48,-04:00,iPhone 17,40.21449722222223,-74.01161111111111,0.2079429625781488,11.8759765625,5712,4284,
IMG_0664.HEIC,2026:03:27 15:28:28,-04:00,iPhone 17,40.21456388888889,-74.01109444444444,1.6748222341157581,57.1830749895266,5712,4284,
IMG_0665.HEIC,2026:03:27 15:28:30,-04:00,iPhone 17,40.21456944444445,-74.01107777777777,2.1388813189807876,53.020050048828125,5712,4284,
IMG_0720.HEIC,2026:03:30 19:28:41,-04:00,iPhone 17,40.21543055555556,-74.00747777777778,2.782840728939396,260.48480243161094,4284,5712,
IMG_0721.HEIC,2026:03:30 19:28:45,-04:00,iPhone 17,40.21542777777778,-74.0075,2.4530982958152254,263.63861094761626,4284,5712,
IMG_0722.HEIC,2026:03:30 19:28:46,-04:00,iPhone 17,40.21542777777778,-74.00752222222222,2.8313636049485105,265.6899109792285,4284,5712,
IMG_0723.HEIC,2026:03:30 19:28:47,-04:00,iPhone 17,40.21542777777778,-74.0075138888889,2.9013709677419355,265.2419738406659,4284,5712,
IMG_0724.HEIC,2026:03:30 19:28:48,-04:00,iPhone 17,40.21543055555556,-74.0075138888889,2.832248657491376,268.13211066210755,4284,5712,
IMG_0725.HEIC,2026:03:30 19:28:49,-04:00,iPhone 17,40.21543055555556,-74.0075138888889,3.138095826638652,267.03240982749605,4284,5712,
IMG_0726.HEIC,2026:03:30 19:28:50,-04:00,iPhone 17,40.21543055555556,-74.0075138888889,2.929355590645913,263.2106628242075,4284,5712,
IMG_0727.HEIC,2026:03:30 19:28:51,-04:00,iPhone 17,40.21542777777778,-74.0075138888889,2.5955543206446237,266.1853943158291,4284,5712,
IMG_0728.HEIC,2026:03:30 19:28:53,-04:00,iPhone 17,40.21542777777778,-74.00750833333333,2.280826537494635,269.5661317100166,4284,5712,
IMG_1128.HEIC,2026:04:27 14:29:00,-04:00,iPhone 17,40.21536666666667,-74.00760555555556,6.7242164624227305,306.7242582897033,5712,4284,
IMG_1129.HEIC,2026:04:27 14:29:01,-04:00,iPhone 17,40.21534722222223,-74.00760555555556,6.492954252257617,307.29560853199496,5712,4284,
IMG_2127.HEIC,2026:06:13 16:28:50,-04:00,iPhone 17,40.215988888888894,-74.00762222222222,3.5704054969515147,206.99850448654038,3024,4032,
IMG_2128.HEIC,2026:06:13 16:28:51,-04:00,iPhone 17,40.21596388888889,-74.00759166666667,3.3877914507772022,209.92910758965806,3024,4032,
IMG_2129.HEIC,2026:06:13 16:28:52,-04:00,iPhone 17,40.21596944444445,-74.00759166666667,3.4479781517046955,208.4800414722654,3024,4032,
IMG_2130.HEIC,2026:06:13 16:28:56,-04:00,iPhone 17,40.21596944444445,-74.00759166666667,3.205437434646218,208.84436042848142,3024,4032,
IMG_2131.HEIC,2026:06:13 16:28:58,-04:00,iPhone 17,40.21597222222223,-74.00759166666667,2.9797128503582506,207.7432098765432,3024,4032,
IMG_2132.HEIC,2026:06:13 16:29:01,-04:00,iPhone 17,40.21597222222223,-74.0076,2.714314697272701,207.99649045843387,3024,4032,
IMG_2133.HEIC,2026:06:13 16:29:03,-04:00,iPhone 17,40.21597222222223,-74.00759166666667,2.479390528171016,210.0374755859375,3024,4032,
IMG_2134.HEIC,2026:06:13 16:29:06,-04:00,iPhone 17,40.21596944444445,-74.00760555555556,1.7843570057581575,210.78912363067292,3024,4032,
IMG_2135.HEIC,2026:06:13 16:29:08,-04:00,iPhone 17,40.21597222222223,-74.00760555555556,1.8750648493137763,214.22880539499036,3024,4032,
IMG_2141.HEIC,2026:06:13 16:38:32,-04:00,iPhone 17,40.21668888888889,-74.002875,7.585292844777842,239.54513540621866,3024,4032,
IMG_2142.HEIC,2026:06:13 17:30:56,-04:00,iPhone 17,40.21613333333334,-74.005875,5.531093597192659,269.24632261281477,5712,4284,
IMG_2143.HEIC,2026:06:13 17:30:58,-04:00,iPhone 17,40.21610277777778,-74.00580555555555,9.477138518643496,260.2690278824416,5712,4284,
IMG_2146.HEIC,2026:06:13 17:31:04,-04:00,iPhone 17,40.21610277777778,-74.00576666666667,9.675594329334787,340.69352708058125,5712,4284,
IMG_2147.HEIC,2026:06:13 17:31:05,-04:00,iPhone 17,40.21610277777778,-74.00576666666667,9.702419280654954,339.0387725975262,5712,4284,
IMG_2148.HEIC,2026:06:13 17:31:08,-04:00,iPhone 17,40.21610555555556,-74.00576666666667,9.292629272724033,52.19415282392026,5712,4284,
IMG_2181.HEIC,2026:06:16 18:08:53,-04:00,iPhone 17,40.21559444444445,-74.00878055555556,9.7023887587822,177.05743424584006,4284,5712,
IMG_2182.HEIC,2026:06:16 18:08:56,-04:00,iPhone 17,40.21557222222223,-74.008775,8.88769149498151,171.4919586444572,4284,5712,
IMG_2183.HEIC,2026:06:16 18:08:57,-04:00,iPhone 17,40.21556944444445,-74.008775,8.861904146751066,174.21759023894256,4284,5712,
IMG_2185.HEIC,2026:06:17 15:55:01,-04:00,iPhone 17,40.21627777777778,-74.00578333333333,1.0937767017943605,253.6449738524114,4284,5712,
IMG_2186.HEIC,2026:06:17 15:55:07,-04:00,iPhone 17,40.21628611111112,-74.00578333333333,5.353298185384992,257.96215837421164,3024,4032,
IMG_2187.HEIC,2026:06:17 15:55:13,-04:00,iPhone 17,40.21628888888889,-74.005775,4.924495729602035,257.7132262051916,3024,4032,
IMG_2191.HEIC,2026:06:19 19:48:43,-04:00,iPhone 17,40.21536666666667,-74.00940833333334,3.2112693810664314,198.69476309226934,4284,5712,
IMG_2192.HEIC,2026:06:19 19:48:46,-04:00,iPhone 17,40.21537777777778,-74.00940833333334,1.9965476976189267,196.46183762761302,3024,4032,
IMG_2193.HEIC,2026:06:19 19:48:50,-04:00,iPhone 17,40.215375,-74.00940833333334,1.2033042898633528,204.8087997411841,5712,4284,
IMG_2194.HEIC,2026:06:19 19:48:52,-04:00,iPhone 17,40.215375,-74.00940833333334,1.0997886656788205,206.35242474916387,5712,4284,
IMG_2282.HEIC,2026:06:28 09:22:57,-04:00,iPhone 17,40.214958333333335,-74.00903333333333,5.195095062182078,274.0744322960471,5712,4284,
IMG_2283.HEIC,2026:06:28 09:23:13,-04:00,iPhone 17,40.21499166666667,-74.00905555555556,3.285549193675474,274.1116333725029,4032,3024,
IMG_2284.HEIC,2026:06:28 09:23:13,-04:00,iPhone 17,40.21499166666667,-74.00905555555556,3.285549193675474,272.5569917743831,4032,3024,
IMG_2286.HEIC,2026:06:28 09:40:52,-04:00,iPhone 17,40.21634166666667,-74.00573055555556,5.7453575123890435,39.43299103080723,4284,5712,
IMG_2299.HEIC,2026:06:30 09:21:05,-04:00,iPhone 17,40.21490555555556,-74.00942222222223,4.013088226545303,38.762298558100085,5712,4284,
IMG_2300.HEIC,2026:06:30 09:21:07,-04:00,iPhone 17,40.214908333333334,-74.00942222222223,4.0590477006080325,38.218078638021886,5712,4284,
IMG_2301.HEIC,2026:06:30 09:21:11,-04:00,iPhone 17,40.21488888888889,-74.00943055555555,3.6718407288678927,42.68386842623597,5712,4284,
IMG_2303.HEIC,2026:06:30 15:10:44,-04:00,iPhone 17,40.21515,-74.00987222222223,9.974086757990868,96.73562628336755,3024,4032,
IMG_2304.HEIC,2026:06:30 15:10:50,-04:00,iPhone 17,40.215161111111115,-74.00985833333333,10.446987192945622,97.50588235294117,3024,4032,
IMG_2305.HEIC,2026:06:30 15:10:51,-04:00,iPhone 17,40.215161111111115,-74.00985833333333,10.623867069486405,97.114044168392,3024,4032,
IMG_2466.HEIC,2026:07:05 19:00:57,-04:00,iPhone 17,40.21538888888889,-74.009225,2.9475059520353057,85.9641876304515,4284,5712,
IMG_2467.HEIC,2026:07:05 19:01:01,-04:00,iPhone 17,40.21538888888889,-74.009225,3.2342796309439317,84.862060546875,3024,4032,
IMG_2468.HEIC,2026:07:05 19:01:06,-04:00,iPhone 17,40.215386111111115,-74.00921666666666,3.15288928098809,86.40652467883706,3024,4032,
IMG_2469.HEIC,2026:07:05 19:01:11,-04:00,iPhone 17,40.21539444444445,-74.00921666666666,3.261287721723105,86.60723877733726,3024,4032,
IMG_2550.HEIC,2026:07:08 20:11:13,-04:00,iPhone 17,40.216502777777784,-74.0058138888889,8.877407106048278,0.447602272052566,4284,5712,
IMG_2551.HEIC,2026:07:08 20:11:15,-04:00,iPhone 17,40.216502777777784,-74.0058138888889,8.877407106048278,353.2582089552239,4284,5712,
IMG_2552.HEIC,2026:07:08 20:11:19,-04:00,iPhone 17,40.216502777777784,-74.00582222222222,9.500331910858227,359.0394289598912,3024,4032,
IMG_2553.HEIC,2026:07:08 20:12:54,-04:00,iPhone 17,40.216705555555556,-74.0060111111111,9.506404884472644,141.61114513165953,4284,5712,
IMG_2554.HEIC,2026:07:08 20:12:58,-04:00,iPhone 17,40.216705555555556,-74.00600555555556,10.363552094920282,139.08541875208542,3024,4032,
IMG_2555.HEIC,2026:07:08 20:13:05,-04:00,iPhone 17,40.21669722222222,-74.00600555555556,7.977870973498706,140.5501097293343,3024,4032,
IMG_2561.HEIC,2026:07:09 14:06:36,-04:00,iPhone 17,40.21661666666667,-74.00584444444445,2.8864707945290884,54.1541519434629,3024,4032,
IMG_2562.HEIC,2026:07:09 14:06:39,-04:00,iPhone 17,40.216594444444446,-74.00583611111111,4.793910980180883,60.546401985111665,3024,4032,
IMG_2566.HEIC,2026:07:09 14:20:42,-04:00,iPhone 17,40.21491666666667,-74.00982777777777,4.7996482853912825,237.15760802278075,4284,5712,
IMG_2567.HEIC,2026:07:09 14:20:47,-04:00,iPhone 17,40.21491944444445,-74.00982777777777,3.742519378166544,244.20089730807578,3024,4032,
IMG_2568.HEIC,2026:07:09 14:20:54,-04:00,iPhone 17,40.214925,-74.00982777777777,3.4616966580976865,247.2448119325551,3024,4032,
IMG_2831.HEIC,2026:08:11 10:29:00,-04:00,iPhone 17,40.21735833333334,-74.00344722222222,5.561056240306914,343.31436135009926,4284,5712,
IMG_2832.HEIC,2026:08:11 10:29:04,-04:00,iPhone 17,40.216675,-74.003175,6.709865566541006,339.07116692830976,3024,4032,
IMG_2833.HEIC,2026:08:11 10:29:09,-04:00,iPhone 17,40.216658333333335,-74.00316666666667,5.389949800755576,341.41342170671084,3024,4032,
IMG_2834.HEIC,2026:08:11 10:29:11,-04:00,iPhone 17,40.21665555555556,-74.00316666666667,5.052669523771378,344.10211180124224,3024,4032,
IMG_2835.HEIC,2026:08:11 10:30:24,-04:00,iPhone 17,40.216683333333336,-74.00306666666667,5.966518398706025,246.5390625,4284,5712,
IMG_2836.HEIC,2026:08:11 10:30:29,-04:00,iPhone 17,40.216683333333336,-74.00306666666667,5.8675194152581085,286.6217956656347,4284,5712,
IMG_2837.HEIC,2026:08:11 10:30:32,-04:00,iPhone 17,40.216683333333336,-74.00306666666667,5.980159786950733,291.00756859035005,4284,5712,
IMG_2838.HEIC,2026:08:11 10:30:36,-04:00,iPhone 17,40.216683333333336,-74.00306666666667,5.722316771891299,251.291046148189,4284,5712,
IMG_2839.HEIC,2026:08:11 10:30:39,-04:00,iPhone 17,40.21667777777778,-74.00306666666667,5.739955935717989,267.1184694628403,4284,5712,
IMG_2840.HEIC,2026:08:11 10:30:43,-04:00,iPhone 17,40.21667777777778,-74.00306666666667,5.7911033978808915,269.45080576759966,4284,5712,
IMG_2841.HEIC,2026:08:11 10:31:34,-04:00,iPhone 17,40.21666388888889,-74.00308333333334,10.57638168617573,341.8616332819723,4284,5712,
IMG_2842.HEIC,2026:08:11 10:31:38,-04:00,iPhone 17,40.21666666666667,-74.00308888888888,9.216762543943751,339.0142517814727,3024,4032,
IMG_2843.HEIC,2026:08:11 10:31:42,-04:00,iPhone 17,40.216675,-74.00308333333334,8.613216399595785,331.64587394411956,4032,3024,
IMG_2844.HEIC,2026:08:11 10:31:46,-04:00,iPhone 17,40.21667777777778,-74.003075,8.5778770745942,325.2925566343042,4032,3024,
IMG_2845.HEIC,2026:08:11 10:31:53,-04:00,iPhone 17,40.216683333333336,-74.003075,8.447994269340974,282.94435123042507,4032,3024,
IMG_2846.HEIC,2026:08:11 10:32:06,-04:00,iPhone 17,40.21668888888889,-74.00305833333333,7.205104880136986,272.733749349974,5712,4284,
IMG_2855.HEIC,2026:08:12 17:44:54,-04:00,iPhone 17,40.21655555555556,-74.00353333333334,6.653438569378519,259.3454285032227,4284,5712,
IMG_2856.HEIC,2026:08:12 17:44:57,-04:00,iPhone 17,40.21655555555556,-74.003525,6.514583591907658,264.7227171492205,4284,5712,
IMG_2857.HEIC,2026:08:12 17:45:01,-04:00,iPhone 17,40.21655555555556,-74.003525,6.522609711329885,265.2437437437437,4284,5712,
IMG_2858.HEIC,2026:08:12 17:45:04,-04:00,iPhone 17,40.21655555555556,-74.003525,6.5326195028680685,265.5944214097248,3024,4032,
IMG_2859.HEIC,2026:08:12 17:45:06,-04:00,iPhone 17,40.21655555555556,-74.003525,6.544307740227379,265.8175046554935,4284,5712,
IMG_2860.HEIC,2026:08:12 17:45:09,-04:00,iPhone 17,40.21655555555556,-74.003525,6.544002565747274,267.9034120734908,4284,5712,
IMG_2861.HEIC,2026:08:12 17:45:13,-04:00,iPhone 17,40.21655277777778,-74.00351666666667,6.045406374826771,261.1773072060683,4284,5712,
IMG_2862.HEIC,2026:08:12 17:45:14,-04:00,iPhone 17,40.21655277777778,-74.00351666666667,5.752956423132998,264.17794806300554,4284,5712,
IMG_2863.HEIC,2026:08:12 17:45:17,-04:00,iPhone 17,40.216550000000005,-74.00350833333333,5.695247682854862,269.52651973843547,4284,5712,
IMG_2864.HEIC,2026:08:12 17:45:18,-04:00,iPhone 17,40.21656111111111,-74.00351666666667,5.694179566563467,271.9839172889144,4284,5712,
IMG_2865.HEIC,2026:08:12 17:45:21,-04:00,iPhone 17,40.21655555555556,-74.00351666666667,5.693630249968278,271.54901117798795,4284,5712,
IMG_2866.HEIC,2026:08:12 17:45:22,-04:00,iPhone 17,40.21655277777778,-74.00350833333333,5.288334862002835,273.9158632778265,4284,5712,
IMG_2867.HEIC,2026:08:12 17:47:32,-04:00,iPhone 17,40.21647222222222,-74.00373055555555,3.650386809408455,5.62469482421875,5712,4284,
IMG_2868.HEIC,2026:08:12 17:47:37,-04:00,iPhone 17,40.21649166666667,-74.00366944444444,5.723354337042499,12.13787841796875,4032,3024,
IMG_2869.HEIC,2026:08:12 17:47:43,-04:00,iPhone 17,40.21649444444445,-74.00366944444444,6.266536712150748,8.982283592783169,3024,4032,
IMG_2870.HEIC,2026:08:12 17:47:49,-04:00,iPhone 17,40.2165,-74.00366944444444,6.299678832116788,5.809090613730141,4284,5712,
IMG_2880.HEIC,2026:08:15 10:08:45,-04:00,iPhone 17,40.21634166666667,-74.00576111111111,6.358213798922567,28.5955810546875,4032,3024,
IMG_2881.HEIC,2026:08:15 10:09:05,-04:00,iPhone 17,40.21638888888889,-74.005775,4.913719617555581,35.87057497181511,4032,3024,
IMG_2882.HEIC,2026:08:15 10:09:09,-04:00,iPhone 17,40.21638888888889,-74.005775,4.913719617555581,39.95852660300137,4032,3024,
IMG_2883.HEIC,2026:08:15 10:09:19,-04:00,iPhone 17,40.21640277777778,-74.005775,4.613730023117902,47.49508670520231,4032,3024,
IMG_2884.HEIC,2026:08:15 10:10:00,-04:00,iPhone 17,40.21646944444445,-74.00573055555556,3.6683311432325887,64.02452850757658,4284,5712,
IMG_2885.HEIC,2026:08:15 10:10:08,-04:00,iPhone 17,40.21644166666667,-74.00578333333333,5.017391204790309,62.953662842012356,4284,5712,
IMG_2886.HEIC,2026:08:15 10:10:11,-04:00,iPhone 17,40.21644166666667,-74.00578333333333,5.019039185299978,65.34487146856706,4284,5712,
IMG_2887.HEIC,2026:08:15 10:10:13,-04:00,iPhone 17,40.21644166666667,-74.00578333333333,5.021999386063645,66.9618682722131,4284,5712,
IMG_2888.HEIC,2026:08:15 10:10:16,-04:00,iPhone 17,40.21644166666667,-74.00578333333333,5.030605343253297,66.76228333116121,4284,5712,
IMG_2913.HEIC,2026:08:19 11:25:55,-04:00,iPhone 17,40.73386666666667,-73.57875833333333,8.423980719019884,316.4144591611479,4284,5712,
IMG_2914.HEIC,2026:08:19 11:25:58,-04:00,iPhone 17,40.733897222222225,-73.57866666666666,15.58197021484375,326.7197417966649,5712,4284,
IMG_2915.HEIC,2026:08:19 11:26:03,-04:00,iPhone 17,40.73391388888889,-73.57864444444444,15.737548828125,330.10609435108324,5712,4284,
IMG_2916.HEIC,2026:08:19 11:26:09,-04:00,iPhone 17,40.73391388888889,-73.57863611111111,15.558959992996586,328.90617384240454,5712,4284,
IMG_2917.HEIC,2026:08:19 11:26:11,-04:00,iPhone 17,40.73391388888889,-73.57863611111111,15.442718539406394,328.5713958285583,5712,4284,
IMG_2918.HEIC,2026:08:19 11:26:18,-04:00,iPhone 17,40.73391388888889,-73.57863611111111,15.542694110454454,296.16149905634944,5712,4284,
IMG_3075.HEIC,2026:09:04 16:19:01,-04:00,iPhone 17,40.215072222222226,-74.00978055555555,1.974239350912779,259.5247497219132,4284,5712,
IMG_3076.HEIC,2026:09:04 16:19:07,-04:00,iPhone 17,40.215069444444445,-74.00983333333333,2.3634910592387866,257.57313540912384,5712,4284,
IMG_3077.HEIC,2026:09:04 16:20:19,-04:00,iPhone 17,40.21508888888889,-74.01016944444444,6.118249380677127,256.1820677035682,4284,5712,
IMG_3078.HEIC,2026:09:04 16:20:22,-04:00,iPhone 17,40.21493055555556,-74.00979722222222,0.459629058511094,253.74142480211083,4284,5712,
IMG_3079.HEIC,2026:09:04 16:20:24,-04:00,iPhone 17,40.214936111111115,-74.00979722222222,1.4215660095814027,252.51162719726562,4284,5712,
IMG_3080.HEIC,2026:09:04 16:20:25,-04:00,iPhone 17,40.214936111111115,-74.00980277777778,2.531612395990303,250.68222043443282,4284,5712,
IMG_3081.HEIC,2026:09:04 16:20:28,-04:00,iPhone 17,40.21493055555556,-74.00980277777778,2.9762229897983774,249.79641724202276,4284,5712,
IMG_3082.HEIC,2026:09:04 16:20:30,-04:00,iPhone 17,40.21492777777778,-74.0098111111111,3.7368125926222615,250.2427978515625,4284,5712,
IMG_3083.HEIC,2026:09:04 16:20:31,-04:00,iPhone 17,40.21492777777778,-74.0098111111111,4.190151211026362,249.41299435028247,4284,5712,
IMG_3084.HEIC,2026:09:04 16:20:34,-04:00,iPhone 17,40.214925,-74.00981944444445,4.023464233338765,248.16412355787122,4284,5712,
IMG_3184.HEIC,2026:09:08 10:30:06,-04:00,iPhone 17,40.21684722222222,-74.00572222222222,2.8831748940556636,63.774856596558315,4284,5712,
IMG_3185.HEIC,2026:09:08 10:30:11,-04:00,iPhone 17,40.21649444444445,-74.00582777777778,5.150783534528005,60.53372956909361,3024,4032,
IMG_3186.HEIC,2026:09:08 10:30:16,-04:00,iPhone 17,40.21651111111112,-74.0058138888889,4.579494509778442,60.568176254589964,3024,4032,
IMG_3218.HEIC,2026:09:10 10:38:16,-04:00,iPhone 17,40.214733333333335,-74.0126638888889,6.805141448526823,64.33999633229415,4284,5712,
IMG_3219.HEIC,2026:09:10 10:38:20,-04:00,iPhone 17,40.21465555555556,-74.01274166666667,2.663570405286751,63.42252351964582,4284,5712,
IMG_3266.HEIC,2026:09:13 15:00:03,-04:00,iPhone 17,40.21648888888889,-74.00580555555555,4.87636947487722,60.43591312327929,5712,4284,
IMG_3281.HEIC,2026:09:14 10:00:36,-04:00,iPhone 17,40.21534444444445,-74.00952222222222,17.29836799157673,310.6867981033192,4284,5712,
IMG_3392.HEIC,2026:09:17 10:03:26,-04:00,iPhone 17,40.21514444444445,-74.01024722222222,5.432338748045946,231.32846087704212,4284,5712,
IMG_3402.HEIC,2026:09:17 10:05:04,-04:00,iPhone 17,40.21501666666667,-74.01053611111111,2.2611045828437133,139.0347137637028,3024,4032,
IMG_3404.HEIC,2026:09:17 10:27:50,-04:00,iPhone 17,40.21617222222223,-74.00529444444444,5.762477876106194,300.68989547038325,5712,4284,
IMG_3405.HEIC,2026:09:17 10:27:59,-04:00,iPhone 17,40.216166666666666,-74.00529444444444,5.850795777118617,29.54644775390625,4032,3024,
IMG_3406.HEIC,2026:09:17 10:30:18,-04:00,iPhone 17,40.216186111111114,-74.00575277777777,7.738674200383413,262.47137452711223,4284,5712,
IMG_3424.HEIC,2026:09:18 17:40:03,-04:00,iPhone 17,40.21582777777778,-74.00798888888889,2.140590667014264,127.69128409846972,3024,4032,
IMG_3425.HEIC,2026:09:18 17:40:05,-04:00,iPhone 17,40.21582777777778,-74.00798888888889,2.2714805609799398,131.4583435133154,3024,4032,
IMG_3436.HEIC,2026:09:19 15:49:36,-04:00,iPhone 17,40.215091666666666,-74.00987222222223,8.267604824813326,324.31158455392807,4284,5712,
IMG_3437.HEIC,2026:09:19 15:49:38,-04:00,iPhone 17,40.21501666666667,-74.00985,7.558345800384697,336.53790285973673,3024,4032,
IMG_3438.HEIC,2026:09:19 15:49:41,-04:00,iPhone 17,40.21500833333334,-74.00984166666667,5.109249113760876,274.9619140625,4284,5712,
IMG_3439.HEIC,2026:09:19 15:49:44,-04:00,iPhone 17,40.21501666666667,-74.00983333333333,4.674007411328746,273.28387458006716,3024,4032,
IMG_3440.HEIC,2026:09:19 15:49:47,-04:00,iPhone 17,40.21501666666667,-74.00983333333333,4.545284272853604,291.6531372183951,3024,4032,
IMG_3441.HEIC,2026:09:19 15:49:50,-04:00,iPhone 17,40.21501666666667,-74.00983333333333,3.593044311887516,275.236389018148,4284,5712,
IMG_3443.HEIC,2026:09:19 15:52:30,-04:00,iPhone 17,40.214761111111116,-74.01004166666667,2.288478884788848,22.697032916087156,4284,5712,
IMG_3445.HEIC,2026:09:19 15:52:38,-04:00,iPhone 17,40.21476666666667,-74.01004166666667,2.394466431865219,47.04697040864256,4284,5712,
IMG_3446.HEIC,2026:09:19 16:19:30,-04:00,iPhone 17,40.21665555555556,-74.00585277777778,2.8550987253186704,98.94052127422589,4284,5712,
